<?xml version="1.0" encoding="utf-8"?>
<extension type="component" version="3.2.0" method="upgrade">
	<name>m2i map selector</name>
	<creationDate>July 2017</creationDate>
	<author>B.Benziane</author>
	<authorEmail>bilel.benziane2016@gmail.com</authorEmail>
	<authorUrl>m2i-services.com</authorUrl>
	<copyright>Developped by the m2i-services front-end and back-end team</copyright>
	<license>License Info</license>
	<version>0.0.6</version>
	<description>This component is to manage agencies on the map</description>

	<install> <!-- Runs on install -->
		<sql>
			<file driver="mysql" charset="utf8">sql/install.mysql.utf8.sql</file>
		</sql>
	</install>
	<uninstall> <!-- Runs on uninstall -->
		<sql>
			<file driver="mysql" charset="utf8">sql/uninstall.mysql.utf8.sql</file>
		</sql>
	</uninstall>
	<update> <!-- Runs on update; New since J2.5 -->
		<schemas>
			<schemapath type="mysql">sql/updates/mysql</schemapath>
		</schemas>
	</update>
		
	<files folder="site">
		<filename>index.html</filename>
		<filename>m2imapselector.php</filename>
		<filename>controller.php</filename>
		<folder>views</folder>
		<folder>models</folder>
	</files>
    <languages folder="site/language">
		<language tag="en-GB">en-GB/en-GB.com_m2imapselector.ini</language>
		<language tag="fr-FR">fr-FR/fr-FR.com_m2imapselector.ini</language>
    </languages>
	<media destination="com_m2imapselector" folder="media">
			<folder>css</folder>
			<folder>images</folder>
			<folder>js</folder>
	</media>

	<administration>
		<menu link='index.php?option=com_m2imapselector'>COM_M2IMAPSELECTOR_MENU</menu>
		<files folder="admin">
			<filename>index.html</filename>
			<filename>m2imapselector.php</filename>
			<filename>controller.php</filename>
			<folder>views</folder>
			<folder>models</folder>
			<folder>sql</folder>
		</files>
		<languages folder="admin/language">
        		<language tag="en-GB">en-GB/en-GB.com_m2imapselector.ini</language>
                <language tag="en-GB">en-GB/en-GB.com_m2imapselector.sys.ini</language>
                <language tag="fr-FR">fr-FR/fr-FR.com_m2imapselector.ini</language>
                <language tag="fr-FR">fr-FR/fr-FR.com_m2imapselector.sys.ini</language>
		</languages>
	</administration>
</extension>